title,detail_url,img_urls,category,description
"Giày Pickleball Nam Động Lực Jogarbola Endura ""Navy"" JG-23557-06 - Hàng Chính Hãng",https://shop.webthethao.vn/giay-pickleball-nam-dong-luc-jogarbola-endura-navy-jg-23557-06-hang-chinh-hang,https://bizweb.dktcdn.net/100/485/982/products/1-1747208033478.jpg?v=1747208036877; https://bizweb.dktcdn.net/thumb/medium/100/485/982/products/1-1747208033478.jpg?v=1747208036877; https://bizweb.dktcdn.net/thumb/medium/100/485/982/products/2-1747208033483.jpg?v=1747208038430; https://bizweb.dktcdn.net/thumb/medium/100/485/982/products/3-1747208033487.jpg?v=1747208039143; https://bizweb.dktcdn.net/thumb/medium/100/485/982/products/4-1747208033491.jpg?v=1747208039940; https://bizweb.dktcdn.net/thumb/medium/100/485/982/products/5-1747208033498.jpg?v=1747208040773; https://bizweb.dktcdn.net/thumb/medium/100/485/982/products/6-1747208033503.jpg?v=1747208041740; https://bizweb.dktcdn.net/thumb/medium/100/485/982/products/7-1747208033508.jpg?v=1747208042670; https://bizweb.dktcdn.net/thumb/medium/100/485/982/products/8-1747208033515.jpg?v=1747208043593; https://bizweb.dktcdn.net/thumb/medium/100/485/982/products/9-1747208033531.jpg?v=1747208044657; https://bizweb.dktcdn.net/thumb/medium/100/485/982/products/10-1747208033536.jpg?v=1747208045217; https://bizweb.dktcdn.net/thumb/medium/100/485/982/products/11-1747208033545.jpg?v=1747208046423,Pickleball,"Giày Pickleball Jogarbola Endura – Bảo Vệ Chân, Lên Sân Tự Tin; Giày Pickleball Jogarbola Endura là lựa chọn hoàn hảo cho người chơi bán chuyên và phong trào, mang đến sự thoải mái, ổn định và hiệu suất vượt trội trên sân. Với thiết kế tối giản, dễ phối đồ cùng những công nghệ hiện đại, đôi giày này giúp bạn làm chủ từng bước di chuyển.; Đặc điểm nổi bật; Upper TPU kết hợp Microfiber bền bỉ cùng lưới thoáng khí, mang lại độ ôm chân vừa vặn và sự thông thoáng tối đa.; Công nghệ J-Foam – Đế Phylon đàn hồi tốt, giảm chấn hiệu quả, mang lại cảm giác nhẹ nhàng và êm ái trong từng bước di chuyển.; Công nghệ J-Rubber – Đế cao su tăng cường ma sát, chống trơn trượt, giúp bạn luôn vững vàng trên mọi mặt sân.; Công nghệ J-Lock – Thanh TPU chống vặn xoắn, hạn chế lật cổ chân, tối ưu phản lực khi di chuyển và đổi hướng nhanh.; Thông số kỹ thuật; Chất liệu; : TPU, Microfiber, vải lưới; Màu; : Beige, Navy, White; Size; : 39-44"
"Giày Pickleball Nam Động Lực Jogarbola Endura ""White"" JG-23557-05 - Hàng Chính Hãng",https://shop.webthethao.vn/giay-pickleball-nam-dong-luc-jogarbola-endura-white-jg-23557-05-hang-chinh-hang,https://bizweb.dktcdn.net/100/485/982/products/1-1747208000189.jpg?v=1747208004043; https://bizweb.dktcdn.net/thumb/medium/100/485/982/products/1-1747208000189.jpg?v=1747208004043; https://bizweb.dktcdn.net/thumb/medium/100/485/982/products/2-1747208000193.jpg?v=1747208004910; https://bizweb.dktcdn.net/thumb/medium/100/485/982/products/3-1747208000195.jpg?v=1747208005607; https://bizweb.dktcdn.net/thumb/medium/100/485/982/products/4-1747208000198.jpg?v=1747208006190; https://bizweb.dktcdn.net/thumb/medium/100/485/982/products/5-1747208000202.jpg?v=1747208006913; https://bizweb.dktcdn.net/thumb/medium/100/485/982/products/6-1747208000204.jpg?v=1747208007437; https://bizweb.dktcdn.net/thumb/medium/100/485/982/products/7-1747208000208.jpg?v=1747208008330; https://bizweb.dktcdn.net/thumb/medium/100/485/982/products/8-1747208000212.jpg?v=1747208009063; https://bizweb.dktcdn.net/thumb/medium/100/485/982/products/9-1747208000218.jpg?v=1747208009803; https://bizweb.dktcdn.net/thumb/medium/100/485/982/products/10-1747208000221.jpg?v=1747208010313; https://bizweb.dktcdn.net/thumb/medium/100/485/982/products/11-1747208000227.jpg?v=1747208010823,Pickleball,"Giày Pickleball Jogarbola Endura – Bảo Vệ Chân, Lên Sân Tự Tin; Giày Pickleball Jogarbola Endura là lựa chọn hoàn hảo cho người chơi bán chuyên và phong trào, mang đến sự thoải mái, ổn định và hiệu suất vượt trội trên sân. Với thiết kế tối giản, dễ phối đồ cùng những công nghệ hiện đại, đôi giày này giúp bạn làm chủ từng bước di chuyển.; Đặc điểm nổi bật; Upper TPU kết hợp Microfiber bền bỉ cùng lưới thoáng khí, mang lại độ ôm chân vừa vặn và sự thông thoáng tối đa.; Công nghệ J-Foam – Đế Phylon đàn hồi tốt, giảm chấn hiệu quả, mang lại cảm giác nhẹ nhàng và êm ái trong từng bước di chuyển.; Công nghệ J-Rubber – Đế cao su tăng cường ma sát, chống trơn trượt, giúp bạn luôn vững vàng trên mọi mặt sân.; Công nghệ J-Lock – Thanh TPU chống vặn xoắn, hạn chế lật cổ chân, tối ưu phản lực khi di chuyển và đổi hướng nhanh.; Thông số kỹ thuật; Chất liệu; : TPU, Microfiber, vải lưới; Màu; : Beige, Navy, White; Size; : 39-44"
"Giày Pickleball Nam Động Lực Jogarbola Endura ""Beige"" JG-23557-04 - Hàng Chính Hãng",https://shop.webthethao.vn/giay-pickleball-nam-dong-luc-jogarbola-endura-beige-jg-23557-04-hang-chinh-hang,https://bizweb.dktcdn.net/100/485/982/products/1-1747207962540.jpg?v=1747207967507; https://bizweb.dktcdn.net/thumb/medium/100/485/982/products/1-1747207962540.jpg?v=1747207967507; https://bizweb.dktcdn.net/thumb/medium/100/485/982/products/2-1747207962545.jpg?v=1747207968267; https://bizweb.dktcdn.net/thumb/medium/100/485/982/products/3-1747207962550.jpg?v=1747207969247; https://bizweb.dktcdn.net/thumb/medium/100/485/982/products/4-1747207962554.jpg?v=1747207970080; https://bizweb.dktcdn.net/thumb/medium/100/485/982/products/5-1747207962558.jpg?v=1747207970973; https://bizweb.dktcdn.net/thumb/medium/100/485/982/products/6-1747207962562.jpg?v=1747207972013; https://bizweb.dktcdn.net/thumb/medium/100/485/982/products/7-1747207962566.jpg?v=1747207972580; https://bizweb.dktcdn.net/thumb/medium/100/485/982/products/8-1747207962571.jpg?v=1747207973083; https://bizweb.dktcdn.net/thumb/medium/100/485/982/products/9-1747207962579.jpg?v=1747207973593; https://bizweb.dktcdn.net/thumb/medium/100/485/982/products/10-1747207962582.jpg?v=1747207974040; https://bizweb.dktcdn.net/thumb/medium/100/485/982/products/11-1747207962589.jpg?v=1747207974353,Pickleball,"Giày Pickleball Jogarbola Endura – Bảo Vệ Chân, Lên Sân Tự Tin; Giày Pickleball Jogarbola Endura là lựa chọn hoàn hảo cho người chơi bán chuyên và phong trào, mang đến sự thoải mái, ổn định và hiệu suất vượt trội trên sân. Với thiết kế tối giản, dễ phối đồ cùng những công nghệ hiện đại, đôi giày này giúp bạn làm chủ từng bước di chuyển.; Đặc điểm nổi bật; Upper TPU kết hợp Microfiber bền bỉ cùng lưới thoáng khí, mang lại độ ôm chân vừa vặn và sự thông thoáng tối đa.; Công nghệ J-Foam – Đế Phylon đàn hồi tốt, giảm chấn hiệu quả, mang lại cảm giác nhẹ nhàng và êm ái trong từng bước di chuyển.; Công nghệ J-Rubber – Đế cao su tăng cường ma sát, chống trơn trượt, giúp bạn luôn vững vàng trên mọi mặt sân.; Công nghệ J-Lock – Thanh TPU chống vặn xoắn, hạn chế lật cổ chân, tối ưu phản lực khi di chuyển và đổi hướng nhanh.; Thông số kỹ thuật; Chất liệu; : TPU, Microfiber, vải lưới; Màu; : Beige, Navy, White; Size; : 39-44"
"Áo phông thể thao nam Jogarbola màu ""Pastel Blue"" MJ-A430-06 - Hàng Chính Hãng",https://shop.webthethao.vn/ao-phong-the-thao-nam-jogarbola-mau-pastle-blue-mj-a430-06-hang-chinh-hang,https://bizweb.dktcdn.net/100/485/982/products/1-1745403809663.jpg?v=1745404221900; https://bizweb.dktcdn.net/thumb/medium/100/485/982/products/1-1745403809663.jpg?v=1745404221900; https://bizweb.dktcdn.net/thumb/medium/100/485/982/products/2-1745403809665.jpg?v=1745404222797; https://bizweb.dktcdn.net/thumb/medium/100/485/982/products/3-1745403809666.jpg?v=1745404223630; https://bizweb.dktcdn.net/thumb/medium/100/485/982/products/4-1745403809667.jpg?v=1745404224140; https://bizweb.dktcdn.net/thumb/medium/100/485/982/products/5-1745403809668.jpg?v=1745404224987; https://bizweb.dktcdn.net/thumb/medium/100/485/982/products/6-1745403809669.jpg?v=1745404225760,Khác,"Áo Phông Thể Thao Pickleball MJ-A430 – Mát mịn & Linh Hoạt Tối Đa; - Sự kết hợp giữa 92% poly và 8% spandex giúp áo có độ co giãn vượt trội cả 4 chiều, đảm bảo cảm giác dễ chịu.; - Vải poly không chỉ nhẹ mà còn có khả năng thoát ẩm nhanh, giữ cho cơ thể luôn khô ráo.; - Hệ thống lỗ thông khí được bố trí trải khắp bề mặt áo, hỗ trợ điều hòa nhiệt độ cơ thể, giúp tăng cường sự thoáng mát.; - Logo silicon tinh tế trên ngực áo tạo điểm nhấn hiện đại và thể thao, mang lại vẻ ngoài năng động và chuyên nghiệp cho người mặc.; - Phù hợp cho các môn thể thao vận động: Pickleball, bóng chuyền, cầu lông, ..."
"Áo phông thể thao nam Jogarbola màu ""Yellow"" MJ-A430-05 - Hàng Chính Hãng",https://shop.webthethao.vn/ao-phong-the-thao-nam-jogarbola-mau-yellow-mj-a430-05-hang-chinh-hang,https://bizweb.dktcdn.net/100/485/982/products/1-1745403764547.jpg?v=1745404101853; https://bizweb.dktcdn.net/thumb/medium/100/485/982/products/1-1745403764547.jpg?v=1745404101853; https://bizweb.dktcdn.net/thumb/medium/100/485/982/products/2-1745403764549.jpg?v=1745404103277; https://bizweb.dktcdn.net/thumb/medium/100/485/982/products/3-1745403764550.jpg?v=1745404104017; https://bizweb.dktcdn.net/thumb/medium/100/485/982/products/4-1745403764551.jpg?v=1745404104767; https://bizweb.dktcdn.net/thumb/medium/100/485/982/products/5-1745403764551.jpg?v=1745404105453; https://bizweb.dktcdn.net/thumb/medium/100/485/982/products/6-1745403764552.jpg?v=1745404106593; https://bizweb.dktcdn.net/thumb/medium/100/485/982/products/7-1745403764553.jpg?v=1745404107350; https://bizweb.dktcdn.net/thumb/medium/100/485/982/products/8-1745403764554.jpg?v=1745404108097,Khác,"Áo Phông Thể Thao Pickleball MJ-A430 – Mát mịn & Linh Hoạt Tối Đa; - Sự kết hợp giữa 92% poly và 8% spandex giúp áo có độ co giãn vượt trội cả 4 chiều, đảm bảo cảm giác dễ chịu.; - Vải poly không chỉ nhẹ mà còn có khả năng thoát ẩm nhanh, giữ cho cơ thể luôn khô ráo.; - Hệ thống lỗ thông khí được bố trí trải khắp bề mặt áo, hỗ trợ điều hòa nhiệt độ cơ thể, giúp tăng cường sự thoáng mát.; - Logo silicon tinh tế trên ngực áo tạo điểm nhấn hiện đại và thể thao, mang lại vẻ ngoài năng động và chuyên nghiệp cho người mặc.; - Phù hợp cho các môn thể thao vận động: Pickleball, bóng chuyền, cầu lông, ..."
"Áo phông thể thao nam Jogarbola màu ""Red"" MJ-A430-04 - Hàng Chính Hãng",https://shop.webthethao.vn/ao-phong-the-thao-nam-jogarbola-mau-red-mj-a430-04-hang-chinh-hang,https://bizweb.dktcdn.net/100/485/982/products/1-1745403689077.jpg?v=1745403911870; https://bizweb.dktcdn.net/thumb/medium/100/485/982/products/1-1745403689077.jpg?v=1745403911870; https://bizweb.dktcdn.net/thumb/medium/100/485/982/products/2-1745403689078.jpg?v=1745403912653; https://bizweb.dktcdn.net/thumb/medium/100/485/982/products/3-1745403689079.jpg?v=1745403913413; https://bizweb.dktcdn.net/thumb/medium/100/485/982/products/4-1745403689079.jpg?v=1745403913990,Khác,"Áo Phông Thể Thao Pickleball MJ-A430 – Mát mịn & Linh Hoạt Tối Đa; - Sự kết hợp giữa 92% poly và 8% spandex giúp áo có độ co giãn vượt trội cả 4 chiều, đảm bảo cảm giác dễ chịu.; - Vải poly không chỉ nhẹ mà còn có khả năng thoát ẩm nhanh, giữ cho cơ thể luôn khô ráo.; - Hệ thống lỗ thông khí được bố trí trải khắp bề mặt áo, hỗ trợ điều hòa nhiệt độ cơ thể, giúp tăng cường sự thoáng mát.; - Logo silicon tinh tế trên ngực áo tạo điểm nhấn hiện đại và thể thao, mang lại vẻ ngoài năng động và chuyên nghiệp cho người mặc.; - Phù hợp cho các môn thể thao vận động: Pickleball, bóng chuyền, cầu lông, ..."
"Áo phông thể thao nam Jogarbola màu ""Green/Yellow"" MJ-A430-03 - Hàng Chính Hãng",https://shop.webthethao.vn/ao-phong-the-thao-nam-jogarbola-mau-green-yellow-mj-a430-03-hang-chinh-hang,https://bizweb.dktcdn.net/100/485/982/products/1-1745403647604.jpg?v=1745403904500; https://bizweb.dktcdn.net/thumb/medium/100/485/982/products/1-1745403647604.jpg?v=1745403904500; https://bizweb.dktcdn.net/thumb/medium/100/485/982/products/2-1745403647606.jpg?v=1745403905223; https://bizweb.dktcdn.net/thumb/medium/100/485/982/products/3-1745403647610.jpg?v=1745403905723; https://bizweb.dktcdn.net/thumb/medium/100/485/982/products/4-1745403647611.jpg?v=1745403906427; https://bizweb.dktcdn.net/thumb/medium/100/485/982/products/5-1745403647612.jpg?v=1745403907043; https://bizweb.dktcdn.net/thumb/medium/100/485/982/products/6-1745403647613.jpg?v=1745403907533; https://bizweb.dktcdn.net/thumb/medium/100/485/982/products/7-1745403647614.jpg?v=1745403908303; https://bizweb.dktcdn.net/thumb/medium/100/485/982/products/8-1745403647615.jpg?v=1745403909097; https://bizweb.dktcdn.net/thumb/medium/100/485/982/products/9-1745403647616.jpg?v=1745403909890,Khác,"Áo Phông Thể Thao Pickleball MJ-A430 – Mát mịn & Linh Hoạt Tối Đa; - Sự kết hợp giữa 92% poly và 8% spandex giúp áo có độ co giãn vượt trội cả 4 chiều, đảm bảo cảm giác dễ chịu.; - Vải poly không chỉ nhẹ mà còn có khả năng thoát ẩm nhanh, giữ cho cơ thể luôn khô ráo.; - Hệ thống lỗ thông khí được bố trí trải khắp bề mặt áo, hỗ trợ điều hòa nhiệt độ cơ thể, giúp tăng cường sự thoáng mát.; - Logo silicon tinh tế trên ngực áo tạo điểm nhấn hiện đại và thể thao, mang lại vẻ ngoài năng động và chuyên nghiệp cho người mặc.; - Phù hợp cho các môn thể thao vận động: Pickleball, bóng chuyền, cầu lông, ..."
"Áo phông thể thao nam Jogarbola màu ""Green/Black"" MJ-A430-02 - Hàng Chính Hãng",https://shop.webthethao.vn/ao-phong-the-thao-nam-jogarbola-mau-green-black-mj-a430-02-hang-chinh-hang,https://bizweb.dktcdn.net/100/485/982/products/1-1745403511831.jpg?v=1745403860080; https://bizweb.dktcdn.net/thumb/medium/100/485/982/products/1-1745403511831.jpg?v=1745403860080; https://bizweb.dktcdn.net/thumb/medium/100/485/982/products/2-1745403511834.jpg?v=1745403860650; https://bizweb.dktcdn.net/thumb/medium/100/485/982/products/3-1745403511836.jpg?v=1745403860947; https://bizweb.dktcdn.net/thumb/medium/100/485/982/products/4-1745403511837.jpg?v=1745403861263; https://bizweb.dktcdn.net/thumb/medium/100/485/982/products/5-1745403511838.jpg?v=1745403861560; https://bizweb.dktcdn.net/thumb/medium/100/485/982/products/6-1745403511840.jpg?v=1745403862647,Khác,"Áo Phông Thể Thao Pickleball MJ-A430 – Mát mịn & Linh Hoạt Tối Đa; - Sự kết hợp giữa 92% poly và 8% spandex giúp áo có độ co giãn vượt trội cả 4 chiều, đảm bảo cảm giác dễ chịu.; - Vải poly không chỉ nhẹ mà còn có khả năng thoát ẩm nhanh, giữ cho cơ thể luôn khô ráo.; - Hệ thống lỗ thông khí được bố trí trải khắp bề mặt áo, hỗ trợ điều hòa nhiệt độ cơ thể, giúp tăng cường sự thoáng mát.; - Logo silicon tinh tế trên ngực áo tạo điểm nhấn hiện đại và thể thao, mang lại vẻ ngoài năng động và chuyên nghiệp cho người mặc.; - Phù hợp cho các môn thể thao vận động: Pickleball, bóng chuyền, cầu lông, ..."
"Áo phông thể thao nam Jogarbola màu ""Navy"" MJ-A430-01 - Hàng Chính Hãng",https://shop.webthethao.vn/ao-phong-the-thao-nam-jogarbola-mau-navy-mj-a430-01-hang-chinh-hang,https://bizweb.dktcdn.net/100/485/982/products/1-1745403446609.jpg?v=1745403719487; https://bizweb.dktcdn.net/thumb/medium/100/485/982/products/1-1745403446609.jpg?v=1745403719487; https://bizweb.dktcdn.net/thumb/medium/100/485/982/products/2-1745403446612.jpg?v=1745403720540; https://bizweb.dktcdn.net/thumb/medium/100/485/982/products/3-1745403446615.jpg?v=1745403723070,Khác,"Áo Phông Thể Thao Pickleball MJ-A430 – Mát mịn & Linh Hoạt Tối Đa; - Sự kết hợp giữa 92% poly và 8% spandex giúp áo có độ co giãn vượt trội cả 4 chiều, đảm bảo cảm giác dễ chịu.; - Vải poly không chỉ nhẹ mà còn có khả năng thoát ẩm nhanh, giữ cho cơ thể luôn khô ráo.; - Hệ thống lỗ thông khí được bố trí trải khắp bề mặt áo, hỗ trợ điều hòa nhiệt độ cơ thể, giúp tăng cường sự thoáng mát.; - Logo silicon tinh tế trên ngực áo tạo điểm nhấn hiện đại và thể thao, mang lại vẻ ngoài năng động và chuyên nghiệp cho người mặc.; - Phù hợp cho các môn thể thao vận động: Pickleball, bóng chuyền, cầu lông, ..."
"Áo thi đấu Đội tuyển bóng đá Quốc gia 2025 (bản FAN) màu ""Trắng"" MJ-A4054-01 - Hàng Chính Hãng",https://shop.webthethao.vn/ao-thi-dau-doi-tuyen-bong-da-quoc-gia-2025-ban-fan-mau-trang-mj-a4051-01-hang-chinh-hang,https://bizweb.dktcdn.net/100/485/982/products/1-1745224351012.jpg?v=1745224355667; https://bizweb.dktcdn.net/thumb/medium/100/485/982/products/1-1745224351012.jpg?v=1745224355667; https://bizweb.dktcdn.net/thumb/medium/100/485/982/products/2-1745224351020.jpg?v=1745224356380; https://bizweb.dktcdn.net/thumb/medium/100/485/982/products/3-1745224351023.jpg?v=1745224356737; https://bizweb.dktcdn.net/thumb/medium/100/485/982/products/4-1745224351026.jpg?v=1745224357057,Bóng đá & Futsal,"Áo Thi Đấu Đội Tuyển Bóng Đá Quốc Gia 2025 (Bản Fan) – Hòa Nhịp Cùng Niềm Tự Hào Dân Tộc; Sản phẩm thuộc BST Trang phục Đội tuyển Bóng đá Quốc gia 2025, mang thông điệp “Vinh quang Việt Nam” – khẳng định tinh thần kiên cường, bất khuất và khát vọng chiến thắng của những chiến binh sao vàng.; Họa tiết trên áo được lấy cảm hứng từ những dãy núi trùng điệp – tượng trưng cho một Việt Nam kiên cường, bất khuất. Như hành trình của đội tuyển quốc gia, chưa bao giờ dễ dàng nhưng cũng chưa bao giờ chùn bước. Mỗi đường nét trên áo là một dấu ấn mạnh mẽ, nhắc nhở rằng: Không bao giờ lùi bước, chỉ có tiến lên để giành vinh quang!; Đặc điểm nổi bật; Áo thi đấu được làm từ 100% polyester, một trong những chất liệu phổ biến nhất trong trang phục thể thao chuyên nghiệp nhờ vào những ưu điểm vượt trội:; Độ bền cao, giữ form tốt: Polyester có khả năng chống nhăn, không bai dão sau thời gian dài sử dụng. Điều này giúp áo luôn giữ được phom dáng sắc nét, thể hiện sự mạnh mẽ và tinh thần thể thao.; Thoáng khí, hỗ trợ thấm hút mồ hôi: Công nghệ dệt hiện đại giúp không khí lưu thông tốt hơn, nhanh chóng làm khô mồ hôi, mang lại cảm giác dễ chịu khi vận động.; Kháng khuẩn tốt, dễ bảo quản: Chất liệu 100% polyester có đặc tính kháng khuẩn tự nhiên, giúp hạn chế sự phát triển của vi khuẩn và ngăn ngừa mùi hôi do mồ hôi hoặc bụi bẩn tích tụ. Đồng thời, bề mặt vải ít bám bẩn, dễ vệ sinh và nhanh khô, giúp áo luôn sạch sẽ, bền đẹp theo thời gian.; Thông số kỹ thuật; Chất liệu; : 100% polyester; Màu; : Red, White; Size; : S-3XL; Mã SP; : MJ-A4051-03, MJ-A4052-01"
"Áo thi đấu Đội tuyển bóng đá Quốc gia 2025 (bản FAN) màu ""Đỏ"" MJ-A4054-03 - Hàng Chính Hãng",https://shop.webthethao.vn/ao-thi-dau-doi-tuyen-bong-da-quoc-gia-2025-ban-fan-mau-do-mj-a4051-03-hang-chinh-hang,https://bizweb.dktcdn.net/100/485/982/products/1-1745224305230.jpg?v=1745224308377; https://bizweb.dktcdn.net/thumb/medium/100/485/982/products/1-1745224305230.jpg?v=1745224308377; https://bizweb.dktcdn.net/thumb/medium/100/485/982/products/2-1745224305241.jpg?v=1745224310127; https://bizweb.dktcdn.net/thumb/medium/100/485/982/products/3-1745224305250.jpg?v=1745224310707; https://bizweb.dktcdn.net/thumb/medium/100/485/982/products/4-1745224305254.jpg?v=1745224311027; https://bizweb.dktcdn.net/thumb/medium/100/485/982/products/5-1745224305258.jpg?v=1745224311723; https://bizweb.dktcdn.net/thumb/medium/100/485/982/products/6-1745224305261.jpg?v=1745224312253; https://bizweb.dktcdn.net/thumb/medium/100/485/982/products/7-1745224305264.jpg?v=1745224313010; https://bizweb.dktcdn.net/thumb/medium/100/485/982/products/8-1745224305274.jpg?v=1745224313823,Bóng đá & Futsal,"Áo Thi Đấu Đội Tuyển Bóng Đá Quốc Gia 2025 (Bản Fan) – Hòa Nhịp Cùng Niềm Tự Hào Dân Tộc; Sản phẩm thuộc BST Trang phục Đội tuyển Bóng đá Quốc gia 2025, mang thông điệp “Vinh quang Việt Nam” – khẳng định tinh thần kiên cường, bất khuất và khát vọng chiến thắng của những chiến binh sao vàng.; Họa tiết trên áo được lấy cảm hứng từ những dãy núi trùng điệp – tượng trưng cho một Việt Nam kiên cường, bất khuất. Như hành trình của đội tuyển quốc gia, chưa bao giờ dễ dàng nhưng cũng chưa bao giờ chùn bước. Mỗi đường nét trên áo là một dấu ấn mạnh mẽ, nhắc nhở rằng: Không bao giờ lùi bước, chỉ có tiến lên để giành vinh quang!; Đặc điểm nổi bật; Áo thi đấu được làm từ 100% polyester, một trong những chất liệu phổ biến nhất trong trang phục thể thao chuyên nghiệp nhờ vào những ưu điểm vượt trội:; Độ bền cao, giữ form tốt: Polyester có khả năng chống nhăn, không bai dão sau thời gian dài sử dụng. Điều này giúp áo luôn giữ được phom dáng sắc nét, thể hiện sự mạnh mẽ và tinh thần thể thao.; Thoáng khí, hỗ trợ thấm hút mồ hôi: Công nghệ dệt hiện đại giúp không khí lưu thông tốt hơn, nhanh chóng làm khô mồ hôi, mang lại cảm giác dễ chịu khi vận động.; Kháng khuẩn tốt, dễ bảo quản: Chất liệu 100% polyester có đặc tính kháng khuẩn tự nhiên, giúp hạn chế sự phát triển của vi khuẩn và ngăn ngừa mùi hôi do mồ hôi hoặc bụi bẩn tích tụ. Đồng thời, bề mặt vải ít bám bẩn, dễ vệ sinh và nhanh khô, giúp áo luôn sạch sẽ, bền đẹp theo thời gian.; Thông số kỹ thuật; Chất liệu; : 100% polyester; Màu; : Red, White; Size; : S-3XL; Mã SP; : MJ-A4051-03, MJ-A4052-01"
"Vợt Pickleball Zocker Aspire x Phúc Huỳnh ""Blue"" ZAxPH-06 - Hàng Chính Hãng",https://shop.webthethao.vn/vot-pickleball-zocker-aspire-x-phuc-huynh-blue-zaxph-06-hang-chinh-hang,https://bizweb.dktcdn.net/100/485/982/products/1-1744362323397.jpg?v=1744362327097; https://bizweb.dktcdn.net/thumb/medium/100/485/982/products/1-1744362323397.jpg?v=1744362327097; https://bizweb.dktcdn.net/thumb/medium/100/485/982/products/2-1744362323398.jpg?v=1744362327803; https://bizweb.dktcdn.net/thumb/medium/100/485/982/products/3-1744362323400.jpg?v=1744362328330; https://bizweb.dktcdn.net/thumb/medium/100/485/982/products/4-1744362323401.jpg?v=1744362328830; https://bizweb.dktcdn.net/thumb/medium/100/485/982/products/5-1744362323403.jpg?v=1744362329593; https://bizweb.dktcdn.net/thumb/medium/100/485/982/products/6-1744362323405.jpg?v=1744362330357,Pickleball,"Vợt không chỉ là 1 công cụ mà còn là người bạn đồng hành lý tưởng, giúp bạn chinh phục mọi thử thách trên sân pickleball. Với thiết kế đơn giản, hiện đại, mang tính xu hướng toàn cầu,; vợt Zocker Aspire; phù hợp với nhiều đối tượng, từ người mới chơi cho tới vận động viên chuyên nghiệp.; Với Aspire, Zocker cho ra mắt 2 phiên bản với độ dày lần lượt; 13.3mm và 16mm; , cùng 6 màu sắc khác nhau gồm: Trắng, hồng, đỏ, xanh, tím, đen. Mỗi màu đều mang theo sắc thái riêng. Trong đó,; Vợt Pickleball Zocker Aspire viền Đỏ; nổi bật với sự mạnh mẽ, năng lượng bùng cháy. Sự đa dạng về độ dày cũng như màu sắc giúp người dùng thoải mái đưa ra lựa chọn phù hợp với lối chơi cũng như phong cách thời thượng.; Zocker sử dụng cấu trúc tổ ong cùng công nghệ ép nóng cho phần lõi, mang tới độ bền vượt trội, vô cùng chắc chắn. Kết hợp với; bề mặt carbon T700; nhập từ Nhật giúp tăng độ nhám, hỗ trợ rất tốt cho các kỹ thuật tạo xoáy.; Trọng lượng vợt 230 gr cho cảm giác đầm tay. Phần tay cầm dài 14 cm dễ dàng kiểm soát và chuyển đổi kiểu cầm, bên ngoài được cuốn cao su trắng cho cảm giác chắc chắn, thoái mái, giúp bạn tự tin phô diễn các kỹ thuật trên sân.; Các kỹ sư của Zocker đã thực hiện nhiều cải tiến quan trọng giúp nâng cao khả năng push lực lên tới 25 - 30%. Độ rung gần như bằng 0, êm ái, khả năng truyền lực tuyệt vời tạo ra những cú drive, smash mạnh & chính xác. Đồng thời, vợt cũng giúp bạn dễ dàng đón đỡ những cú đánh mạnh từ đối thủ, giữ vững thế trận.; Một ưu điểm khác của vợt; Zocker Aspire; là EVA đen full viền kết hợp với lõi tổ ong PP giúp tăng trọng lượng lõi, mở rộng và làm đồng đều điểm ngọt. Biến nó trở thành 1 “vũ khí” có khả năng công – thủ toàn diện.; Trải nghiệm; Pickleball Zocker Aspire; ngay hôm nay sẽ mang đến cho bạn những trải nghiệm tuyệt vời từ 1 cây vợt cao cấp, được tay vợt hàng đầu châu Á - Phúc Huỳnh tin dùng!"
"Vợt Pickleball Zocker Aspire x Phúc Huỳnh ""Black"" ZAxPH-05 - Hàng Chính Hãng",https://shop.webthethao.vn/vot-pickleball-zocker-aspire-x-phuc-huynh-black-zaxph-05-hang-chinh-hang,https://bizweb.dktcdn.net/100/485/982/products/1-1744362282940.jpg?v=1744362285953; https://bizweb.dktcdn.net/thumb/medium/100/485/982/products/1-1744362282940.jpg?v=1744362285953; https://bizweb.dktcdn.net/thumb/medium/100/485/982/products/2-1744362282943.jpg?v=1744362286557; https://bizweb.dktcdn.net/thumb/medium/100/485/982/products/3-1744362282944.jpg?v=1744362286847; https://bizweb.dktcdn.net/thumb/medium/100/485/982/products/4-1744362282946.jpg?v=1744362287357; https://bizweb.dktcdn.net/thumb/medium/100/485/982/products/5-1744362282949.jpg?v=1744362287853; https://bizweb.dktcdn.net/thumb/medium/100/485/982/products/6-1744362282951.jpg?v=1744362288543,Pickleball,"Vợt không chỉ là 1 công cụ mà còn là người bạn đồng hành lý tưởng, giúp bạn chinh phục mọi thử thách trên sân pickleball. Với thiết kế đơn giản, hiện đại, mang tính xu hướng toàn cầu,; vợt Zocker Aspire; phù hợp với nhiều đối tượng, từ người mới chơi cho tới vận động viên chuyên nghiệp.; Với Aspire, Zocker cho ra mắt 2 phiên bản với độ dày lần lượt; 13.3mm và 16mm; , cùng 6 màu sắc khác nhau gồm: Trắng, hồng, đỏ, xanh, tím, đen. Mỗi màu đều mang theo sắc thái riêng. Trong đó,; Vợt Pickleball Zocker Aspire viền Đỏ; nổi bật với sự mạnh mẽ, năng lượng bùng cháy. Sự đa dạng về độ dày cũng như màu sắc giúp người dùng thoải mái đưa ra lựa chọn phù hợp với lối chơi cũng như phong cách thời thượng.; Zocker sử dụng cấu trúc tổ ong cùng công nghệ ép nóng cho phần lõi, mang tới độ bền vượt trội, vô cùng chắc chắn. Kết hợp với; bề mặt carbon T700; nhập từ Nhật giúp tăng độ nhám, hỗ trợ rất tốt cho các kỹ thuật tạo xoáy.; Trọng lượng vợt 230 gr cho cảm giác đầm tay. Phần tay cầm dài 14 cm dễ dàng kiểm soát và chuyển đổi kiểu cầm, bên ngoài được cuốn cao su trắng cho cảm giác chắc chắn, thoái mái, giúp bạn tự tin phô diễn các kỹ thuật trên sân.; Các kỹ sư của Zocker đã thực hiện nhiều cải tiến quan trọng giúp nâng cao khả năng push lực lên tới 25 - 30%. Độ rung gần như bằng 0, êm ái, khả năng truyền lực tuyệt vời tạo ra những cú drive, smash mạnh & chính xác. Đồng thời, vợt cũng giúp bạn dễ dàng đón đỡ những cú đánh mạnh từ đối thủ, giữ vững thế trận.; Một ưu điểm khác của vợt; Zocker Aspire; là EVA đen full viền kết hợp với lõi tổ ong PP giúp tăng trọng lượng lõi, mở rộng và làm đồng đều điểm ngọt. Biến nó trở thành 1 “vũ khí” có khả năng công – thủ toàn diện.; Trải nghiệm; Pickleball Zocker Aspire; ngay hôm nay sẽ mang đến cho bạn những trải nghiệm tuyệt vời từ 1 cây vợt cao cấp, được tay vợt hàng đầu châu Á - Phúc Huỳnh tin dùng!"
"Vợt Pickleball Zocker Aspire x Phúc Huỳnh ""Pink"" ZAxPH-04 - Hàng Chính Hãng",https://shop.webthethao.vn/vot-pickleball-zocker-aspire-x-phuc-huynh-pink-zaxph-04-hang-chinh-hang,https://bizweb.dktcdn.net/100/485/982/products/1-1744362242019.jpg?v=1744362245173; https://bizweb.dktcdn.net/thumb/medium/100/485/982/products/1-1744362242019.jpg?v=1744362245173; https://bizweb.dktcdn.net/thumb/medium/100/485/982/products/2-1744362242022.jpg?v=1744362246107; https://bizweb.dktcdn.net/thumb/medium/100/485/982/products/3-1744362242023.jpg?v=1744362246717; https://bizweb.dktcdn.net/thumb/medium/100/485/982/products/4-1744362242026.jpg?v=1744362247570; https://bizweb.dktcdn.net/thumb/medium/100/485/982/products/5-1744362242028.jpg?v=1744362248400; https://bizweb.dktcdn.net/thumb/medium/100/485/982/products/6-1744362242032.jpg?v=1744362249233,Pickleball,"Vợt không chỉ là 1 công cụ mà còn là người bạn đồng hành lý tưởng, giúp bạn chinh phục mọi thử thách trên sân pickleball. Với thiết kế đơn giản, hiện đại, mang tính xu hướng toàn cầu,; vợt Zocker Aspire; phù hợp với nhiều đối tượng, từ người mới chơi cho tới vận động viên chuyên nghiệp.; Với Aspire, Zocker cho ra mắt 2 phiên bản với độ dày lần lượt; 13.3mm và 16mm; , cùng 6 màu sắc khác nhau gồm: Trắng, hồng, đỏ, xanh, tím, đen. Mỗi màu đều mang theo sắc thái riêng. Trong đó,; Vợt Pickleball Zocker Aspire viền Đỏ; nổi bật với sự mạnh mẽ, năng lượng bùng cháy. Sự đa dạng về độ dày cũng như màu sắc giúp người dùng thoải mái đưa ra lựa chọn phù hợp với lối chơi cũng như phong cách thời thượng.; Zocker sử dụng cấu trúc tổ ong cùng công nghệ ép nóng cho phần lõi, mang tới độ bền vượt trội, vô cùng chắc chắn. Kết hợp với; bề mặt carbon T700; nhập từ Nhật giúp tăng độ nhám, hỗ trợ rất tốt cho các kỹ thuật tạo xoáy.; Trọng lượng vợt 230 gr cho cảm giác đầm tay. Phần tay cầm dài 14 cm dễ dàng kiểm soát và chuyển đổi kiểu cầm, bên ngoài được cuốn cao su trắng cho cảm giác chắc chắn, thoái mái, giúp bạn tự tin phô diễn các kỹ thuật trên sân.; Các kỹ sư của Zocker đã thực hiện nhiều cải tiến quan trọng giúp nâng cao khả năng push lực lên tới 25 - 30%. Độ rung gần như bằng 0, êm ái, khả năng truyền lực tuyệt vời tạo ra những cú drive, smash mạnh & chính xác. Đồng thời, vợt cũng giúp bạn dễ dàng đón đỡ những cú đánh mạnh từ đối thủ, giữ vững thế trận.; Một ưu điểm khác của vợt; Zocker Aspire; là EVA đen full viền kết hợp với lõi tổ ong PP giúp tăng trọng lượng lõi, mở rộng và làm đồng đều điểm ngọt. Biến nó trở thành 1 “vũ khí” có khả năng công – thủ toàn diện.; Trải nghiệm; Pickleball Zocker Aspire; ngay hôm nay sẽ mang đến cho bạn những trải nghiệm tuyệt vời từ 1 cây vợt cao cấp, được tay vợt hàng đầu châu Á - Phúc Huỳnh tin dùng!"
"Vợt Pickleball Zocker Aspire x Phúc Huỳnh ""White"" ZAxPH-03 - Hàng Chính Hãng",https://shop.webthethao.vn/vot-pickleball-zocker-aspire-x-phuc-huynh-white-zaxph-03-hang-chinh-hang,https://bizweb.dktcdn.net/100/485/982/products/1-1744362123588.jpg?v=1744362127820; https://bizweb.dktcdn.net/thumb/medium/100/485/982/products/1-1744362123588.jpg?v=1744362127820; https://bizweb.dktcdn.net/thumb/medium/100/485/982/products/2-1744362123590.jpg?v=1744362128653; https://bizweb.dktcdn.net/thumb/medium/100/485/982/products/3-1744362123592.jpg?v=1744362130313; https://bizweb.dktcdn.net/thumb/medium/100/485/982/products/4-1744362123593.jpg?v=1744362132890; https://bizweb.dktcdn.net/thumb/medium/100/485/982/products/5-1744362123596.jpg?v=1744362134123; https://bizweb.dktcdn.net/thumb/medium/100/485/982/products/6-1744362123599.jpg?v=1744362135137,Pickleball,"Vợt không chỉ là 1 công cụ mà còn là người bạn đồng hành lý tưởng, giúp bạn chinh phục mọi thử thách trên sân pickleball. Với thiết kế đơn giản, hiện đại, mang tính xu hướng toàn cầu,; vợt Zocker Aspire; phù hợp với nhiều đối tượng, từ người mới chơi cho tới vận động viên chuyên nghiệp.; Với Aspire, Zocker cho ra mắt 2 phiên bản với độ dày lần lượt; 13.3mm và 16mm; , cùng 6 màu sắc khác nhau gồm: Trắng, hồng, đỏ, xanh, tím, đen. Mỗi màu đều mang theo sắc thái riêng. Trong đó,; Vợt Pickleball Zocker Aspire viền Đỏ; nổi bật với sự mạnh mẽ, năng lượng bùng cháy. Sự đa dạng về độ dày cũng như màu sắc giúp người dùng thoải mái đưa ra lựa chọn phù hợp với lối chơi cũng như phong cách thời thượng.; Zocker sử dụng cấu trúc tổ ong cùng công nghệ ép nóng cho phần lõi, mang tới độ bền vượt trội, vô cùng chắc chắn. Kết hợp với; bề mặt carbon T700; nhập từ Nhật giúp tăng độ nhám, hỗ trợ rất tốt cho các kỹ thuật tạo xoáy.; Trọng lượng vợt 230 gr cho cảm giác đầm tay. Phần tay cầm dài 14 cm dễ dàng kiểm soát và chuyển đổi kiểu cầm, bên ngoài được cuốn cao su trắng cho cảm giác chắc chắn, thoái mái, giúp bạn tự tin phô diễn các kỹ thuật trên sân.; Các kỹ sư của Zocker đã thực hiện nhiều cải tiến quan trọng giúp nâng cao khả năng push lực lên tới 25 - 30%. Độ rung gần như bằng 0, êm ái, khả năng truyền lực tuyệt vời tạo ra những cú drive, smash mạnh & chính xác. Đồng thời, vợt cũng giúp bạn dễ dàng đón đỡ những cú đánh mạnh từ đối thủ, giữ vững thế trận.; Một ưu điểm khác của vợt; Zocker Aspire; là EVA đen full viền kết hợp với lõi tổ ong PP giúp tăng trọng lượng lõi, mở rộng và làm đồng đều điểm ngọt. Biến nó trở thành 1 “vũ khí” có khả năng công – thủ toàn diện.; Trải nghiệm; Pickleball Zocker Aspire; ngay hôm nay sẽ mang đến cho bạn những trải nghiệm tuyệt vời từ 1 cây vợt cao cấp, được tay vợt hàng đầu châu Á - Phúc Huỳnh tin dùng!"
"Vợt Pickleball Zocker Aspire x Phúc Huỳnh ""Purple"" ZAxPH-02 - Hàng Chính Hãng",https://shop.webthethao.vn/vot-pickleball-zocker-aspire-x-phuc-huynh-purple-zaxph-02-hang-chinh-hang,https://bizweb.dktcdn.net/100/485/982/products/1-1744361940265.jpg?v=1744361945103; https://bizweb.dktcdn.net/thumb/medium/100/485/982/products/1-1744361940265.jpg?v=1744361945103; https://bizweb.dktcdn.net/thumb/medium/100/485/982/products/2-1744361940267.jpg?v=1744361946317; https://bizweb.dktcdn.net/thumb/medium/100/485/982/products/3-1744361940269.jpg?v=1744361948033; https://bizweb.dktcdn.net/thumb/medium/100/485/982/products/4-1744361940272.jpg?v=1744361949007; https://bizweb.dktcdn.net/thumb/medium/100/485/982/products/5-1744361940274.jpg?v=1744361950060; https://bizweb.dktcdn.net/thumb/medium/100/485/982/products/6-1744361940277.jpg?v=1744361951013,Pickleball,"Vợt không chỉ là 1 công cụ mà còn là người bạn đồng hành lý tưởng, giúp bạn chinh phục mọi thử thách trên sân pickleball. Với thiết kế đơn giản, hiện đại, mang tính xu hướng toàn cầu,; vợt Zocker Aspire; phù hợp với nhiều đối tượng, từ người mới chơi cho tới vận động viên chuyên nghiệp.; Với Aspire, Zocker cho ra mắt 2 phiên bản với độ dày lần lượt; 13.3mm và 16mm; , cùng 6 màu sắc khác nhau gồm: Trắng, hồng, đỏ, xanh, tím, đen. Mỗi màu đều mang theo sắc thái riêng. Trong đó,; Vợt Pickleball Zocker Aspire viền Đỏ; nổi bật với sự mạnh mẽ, năng lượng bùng cháy. Sự đa dạng về độ dày cũng như màu sắc giúp người dùng thoải mái đưa ra lựa chọn phù hợp với lối chơi cũng như phong cách thời thượng.; Zocker sử dụng cấu trúc tổ ong cùng công nghệ ép nóng cho phần lõi, mang tới độ bền vượt trội, vô cùng chắc chắn. Kết hợp với; bề mặt carbon T700; nhập từ Nhật giúp tăng độ nhám, hỗ trợ rất tốt cho các kỹ thuật tạo xoáy.; Trọng lượng vợt 230 gr cho cảm giác đầm tay. Phần tay cầm dài 14 cm dễ dàng kiểm soát và chuyển đổi kiểu cầm, bên ngoài được cuốn cao su trắng cho cảm giác chắc chắn, thoái mái, giúp bạn tự tin phô diễn các kỹ thuật trên sân.; Các kỹ sư của Zocker đã thực hiện nhiều cải tiến quan trọng giúp nâng cao khả năng push lực lên tới 25 - 30%. Độ rung gần như bằng 0, êm ái, khả năng truyền lực tuyệt vời tạo ra những cú drive, smash mạnh & chính xác. Đồng thời, vợt cũng giúp bạn dễ dàng đón đỡ những cú đánh mạnh từ đối thủ, giữ vững thế trận.; Một ưu điểm khác của vợt; Zocker Aspire; là EVA đen full viền kết hợp với lõi tổ ong PP giúp tăng trọng lượng lõi, mở rộng và làm đồng đều điểm ngọt. Biến nó trở thành 1 “vũ khí” có khả năng công – thủ toàn diện.; Trải nghiệm; Pickleball Zocker Aspire; ngay hôm nay sẽ mang đến cho bạn những trải nghiệm tuyệt vời từ 1 cây vợt cao cấp, được tay vợt hàng đầu châu Á - Phúc Huỳnh tin dùng!"
"Vợt Pickleball Zocker Aspire x Phúc Huỳnh ""Red"" ZAxPH-01 - Hàng Chính Hãng",https://shop.webthethao.vn/vot-pickleball-zocker-aspire-x-phuc-huynh-red-zaxph-01-hang-chinh-hang,https://bizweb.dktcdn.net/100/485/982/products/1-1744361841590.jpg?v=1744361845137; https://bizweb.dktcdn.net/thumb/medium/100/485/982/products/1-1744361841590.jpg?v=1744361845137; https://bizweb.dktcdn.net/thumb/medium/100/485/982/products/2-1744361841592.jpg?v=1744361846020; https://bizweb.dktcdn.net/thumb/medium/100/485/982/products/3-1744361841595.jpg?v=1744361846543; https://bizweb.dktcdn.net/thumb/medium/100/485/982/products/4-1744361841596.jpg?v=1744361846850; https://bizweb.dktcdn.net/thumb/medium/100/485/982/products/5-1744361841599.jpg?v=1744361847157; https://bizweb.dktcdn.net/thumb/medium/100/485/982/products/6-1744361841603.jpg?v=1744361847487,Pickleball,"Vợt không chỉ là 1 công cụ mà còn là người bạn đồng hành lý tưởng, giúp bạn chinh phục mọi thử thách trên sân pickleball. Với thiết kế đơn giản, hiện đại, mang tính xu hướng toàn cầu,; vợt Zocker Aspire; phù hợp với nhiều đối tượng, từ người mới chơi cho tới vận động viên chuyên nghiệp.; Với Aspire, Zocker cho ra mắt 2 phiên bản với độ dày lần lượt; 13.3mm và 16mm; , cùng 6 màu sắc khác nhau gồm: Trắng, hồng, đỏ, xanh, tím, đen. Mỗi màu đều mang theo sắc thái riêng. Trong đó,; Vợt Pickleball Zocker Aspire viền Đỏ; nổi bật với sự mạnh mẽ, năng lượng bùng cháy. Sự đa dạng về độ dày cũng như màu sắc giúp người dùng thoải mái đưa ra lựa chọn phù hợp với lối chơi cũng như phong cách thời thượng.; Zocker sử dụng cấu trúc tổ ong cùng công nghệ ép nóng cho phần lõi, mang tới độ bền vượt trội, vô cùng chắc chắn. Kết hợp với; bề mặt carbon T700; nhập từ Nhật giúp tăng độ nhám, hỗ trợ rất tốt cho các kỹ thuật tạo xoáy.; Trọng lượng vợt 230 gr cho cảm giác đầm tay. Phần tay cầm dài 14 cm dễ dàng kiểm soát và chuyển đổi kiểu cầm, bên ngoài được cuốn cao su trắng cho cảm giác chắc chắn, thoái mái, giúp bạn tự tin phô diễn các kỹ thuật trên sân.; Các kỹ sư của Zocker đã thực hiện nhiều cải tiến quan trọng giúp nâng cao khả năng push lực lên tới 25 - 30%. Độ rung gần như bằng 0, êm ái, khả năng truyền lực tuyệt vời tạo ra những cú drive, smash mạnh & chính xác. Đồng thời, vợt cũng giúp bạn dễ dàng đón đỡ những cú đánh mạnh từ đối thủ, giữ vững thế trận.; Một ưu điểm khác của vợt; Zocker Aspire; là EVA đen full viền kết hợp với lõi tổ ong PP giúp tăng trọng lượng lõi, mở rộng và làm đồng đều điểm ngọt. Biến nó trở thành 1 “vũ khí” có khả năng công – thủ toàn diện.; Trải nghiệm; Pickleball Zocker Aspire; ngay hôm nay sẽ mang đến cho bạn những trải nghiệm tuyệt vời từ 1 cây vợt cao cấp, được tay vợt hàng đầu châu Á - Phúc Huỳnh tin dùng!"
"Vợt Pickleball Zocker Happy HP05 Pro Series ""Black"" HP05-B - Hàng Chính Hãng",https://shop.webthethao.vn/vot-pickleball-zocker-happy-hp05-pro-series-black-hp05-b-hang-chinh-hang,https://bizweb.dktcdn.net/100/485/982/products/1-1744361691008.jpg?v=1744361694203; https://bizweb.dktcdn.net/thumb/medium/100/485/982/products/1-1744361691008.jpg?v=1744361694203; https://bizweb.dktcdn.net/thumb/medium/100/485/982/products/2-1744361691010.jpg?v=1744361695703; https://bizweb.dktcdn.net/thumb/medium/100/485/982/products/3-1744361691012.jpg?v=1744361696220; https://bizweb.dktcdn.net/thumb/medium/100/485/982/products/4-1744361691014.jpg?v=1744361696743; https://bizweb.dktcdn.net/thumb/medium/100/485/982/products/5-1744361691017.jpg?v=1744361697460,Pickleball,"Vợt Pickleball Zocker Happy HP05 Pro Series Black; là sản phẩm kết hợp giữa công nghệ hiện đại và phong cách thiết kế tối giản, dành cho người chơi đam mê sự cân bằng giữa lực đánh bùng nổ và kiểm soát chi tiết từng đường bóng. Với hai phiên bản độ dày linh hoạt, vợt không chỉ là công cụ thi đấu mà còn là biểu tượng của sự chuyên nghiệp, giúp bạn tỏa sáng trên mọi mặt trận.; Mặt vợt làm từ; Raw Carbon Fiber T700; không chỉ mang lại độ bền cao mà còn tạo ma sát tối ưu, giúp tăng độ xoáy và kiểm soát bóng ngay cả trong những cú đánh biên. Công nghệ mô phỏng vợt tennis mở rộng vùng sweet spot, đảm bảo độ chính xác dù đánh ở bất kỳ vị trí nào.; Phần lõi sử dụng; cấu trúc tổ ong ép nóng mật độ cao; , phân tán lực đồng đều, giảm rung chấn đến mức tối thiểu và trở lại vị trí sẵn sàng nhanh chóng sau mỗi cú đánh.; Đặc biệt, chuôi vợt ứng dụng; công nghệ Hyper Press; giúp hấp thụ chấn động, giảm áp lực lên khớp tay và mang lại cảm giác êm ái khi thi đấu liên tục.; Phiên bản 16mm của; Zocker Happy HP05 Pro Series; là trợ thủ đắc lực cho lối chơi tấn công áp đảo, với khả năng tạo lực đẩy mạnh từ những cú swing dài. Đây là lựa chọn hoàn hảo để triển khai các pha smash hoặc drive từ cuối sân. Ngược lại, phiên bản 14mm tập trung vào điều hướng linh hoạt, giúp người chơi xử lý nhanh các tình huống phức tạp gần lưới nhờ độ nhạy cao và khả năng giữ bóng ổn định.; Công nghệ lõi PP ép nóng; đảm bảo độ bền vượt trội, đồng thời duy trì cảm giác bóng chân thực – yếu tố quan trọng để thực hiện drop shot hoặc third shot drop chuẩn xác.; Thiết kế viền đen sang trọng kết hợp họa tiết tối giản không chỉ tạo nên phong cách riêng biệt mà còn phản ánh đẳng cấp của người chơi.; Chất liệu carbon cao cấp; chống trầy xước và chịu lực tốt, phù hợp với cường độ sử dụng cao.; Dù bạn theo đuổi lối chơi tấn công hay kiểm soát, HP05 Pro Series đều mang đến sự cân bằng hoàn hảo giữa sức mạnh và độ chính xác. Đặc biệt,; trọng lượng nhẹ và công nghệ giảm chấn; giúp hạn chế chấn thương, cho phép bạn tập luyện lâu dài mà vẫn đảm bảo sức khỏe.; Thông số kỹ thuật Zocker HP05 Pro Series; Kích thước chung:; Chiều dài vợt: 417mm | Chiều rộng: 190mm | Chiều dài mặt vợt: 28.5cm; Chiều dài tay cầm: 130 – 135mm (thiết kế phù hợp cầm 2 tay).; Phiên bản 16mm:; Độ dày: 16mm | Trọng lượng: 230 ±5g → Ưu tiên tấn công mạnh mẽ.; Phiên bản 14mm:; Độ dày: 14mm | Trọng lượng: 225 ±5g → Tối ưu kiểm soát và linh hoạt.; Zocker Happy HP05 Pro Series Black; không chỉ là dụng cụ thể thao mà còn là minh chứng cho sự đổi mới trong thiết kế vợt pickleball cao cấp. Sản phẩm được nghiên cứu để đáp ứng nhu cầu của cả người chơi giải trí lẫn vận động viên chuyên nghiệp, giúp bạn tự tin chinh phục mọi giải đấu.; Hãy đặt mua ngay hôm nay để trải nghiệm sự khác biệt và biến mỗi trận đấu thành cơ hội tỏa sáng!"
"Vợt Pickleball Zocker Happy HP05 Pro Series ""Red"" HP05-R - Hàng Chính Hãng",https://shop.webthethao.vn/vot-pickleball-zocker-happy-hp05-pro-series-red-hp05-r-hang-chinh-hang,https://bizweb.dktcdn.net/100/485/982/products/1-1744361587638.jpg?v=1744361592180; https://bizweb.dktcdn.net/thumb/medium/100/485/982/products/1-1744361587638.jpg?v=1744361592180; https://bizweb.dktcdn.net/thumb/medium/100/485/982/products/2-1744361587640.jpg?v=1744361592693; https://bizweb.dktcdn.net/thumb/medium/100/485/982/products/3-1744361587642.jpg?v=1744361592997; https://bizweb.dktcdn.net/thumb/medium/100/485/982/products/4-1744361587645.jpg?v=1744361594057; https://bizweb.dktcdn.net/thumb/medium/100/485/982/products/5-1744361587647.jpg?v=1744361595167,Pickleball,"Zocker HP05 Pro Series viền đỏ; là lựa chọn lý tưởng nhờ thiết kế thông minh và công nghệ đột phá. Sản phẩm này không chỉ phù hợp cho người chơi thi đấu chuyên nghiệp mà còn là trợ thủ đáng tin cậy cho những ai yêu thích luyện tập nâng cao kỹ thuật. Với hai phiên bản độ dày 14mm và 16mm, vợt được tối ưu hóa cho cả phong cách tấn công mạnh mẽ lẫn kiểm soát bóng tinh tế, mang đến trải nghiệm cá nhân hóa trên sân.; Mặt vợt làm từ; Raw Carbon Fiber T700; không chỉ tăng độ bền mà còn tạo ma sát tối đa, giúp bóng xoáy hơn và bám lâu trên mặt vợt. Thiết kế này lấy cảm hứng từ vợt tennis, mở rộng điểm ngọt (sweet spot) để tối ưu độ chính xác ngay cả khi đánh lệch tâm.; Phần lõi sử dụng; cấu trúc tổ ong ép nóng mật độ cao; , phân tán lực đều khắp mặt vợt, giảm rung chấn đến 90% và tăng khả năng kiểm soát.; Công nghệ Hyper Press; ở chuôi vợt hấp thụ chấn động, giảm mỏi cổ tay khi thi đấu cường độ cao. Đặc biệt, chuôi dài 13–13.5cm hỗ trợ thao tác hai tay linh hoạt, phù hợp với cả phòng thủ và phản công.; Với phiên bản 16mm, người chơi sẽ cảm nhận rõ lực đẩy mạnh mẽ từ lõi dày, biến mọi cú đập bóng thành đòn tấn công sắc bén. Đây là lựa chọn hoàn hảo cho những ai ưa thích lối chơi áp đảo và kiểm soát trận đấu từ baseline. Ngược lại, phiên bản 14mm tập trung vào độ nhạy và phản xạ nhanh, giúp xử lý dứt điểm các tình huống gần lưới.; Công nghệ lõi PP ép nóng; đảm bảo bóng được giữ lâu trên mặt vợt, tạo điều kiện căn chỉnh góc đánh chuẩn xác – yếu tố then chốt trong các pha drop shot hoặc volley.; Sản phẩm không chỉ nổi bật nhờ viền đỏ cá tính mà còn ghi điểm bởi độ bền vượt trội. Chất liệu carbon cao cấp chống trầy xước và biến dạng, phù hợp với cường độ sử dụng thường xuyên.; HP05 Pro Series; mang đến sự cân bằng giữa sức mạnh và độ chính xác, giúp bạn tự tin trong mọi giải đấu. Đặc biệt, trọng lượng nhẹ cùng tay cầm êm ái giúp giảm áp lực lên cổ tay, cho phép tập luyện lâu dài mà không lo chấn thương.; Thông số kỹ thuật Zocker HP05 Pro Series; Kích thước chung:; Chiều dài vợt: 417mm | Chiều rộng: 190mm | Chiều dài mặt vợt: 28.5cm; Chiều dài tay cầm: 130 – 135mm (thiết kế phù hợp cầm 2 tay).; Phiên bản 16mm:; Độ dày: 16mm | Trọng lượng: 230 ±5g → Ưu tiên tấn công mạnh mẽ.; Phiên bản 14mm:; Độ dày: 14mm | Trọng lượng: 225 ±5g → Tối ưu kiểm soát và linh hoạt.; Zocker HP05 Pro Series viền đỏ; không chỉ là công cụ thi đấu mà còn là bước đột phá so với các mẫu vợt pickleball hiện nay. Sản phẩm được thiết kế để đồng hành cùng bạn trên hành trình chinh phục mọi thử thách, từ luyện tập đến tranh tài đỉnh cao.; Hãy đặt mua ngay hôm nay để trải nghiệm sự khác biệt và biến mỗi trận đấu thành cơ hội tỏa sáng!"
"Áo polo Ban Huấn Luyện Đội tuyển Quốc gia 2025 ""Blue"" MJ-A4049-127 - Hàng Chính Hãng",https://shop.webthethao.vn/ao-polo-ban-huan-luyen-doi-tuyen-quoc-gia-2025-blue-mj-a4049-127-hang-chinh-hang,https://bizweb.dktcdn.net/100/485/982/products/1-1744356850961.jpg?v=1744356878350; https://bizweb.dktcdn.net/thumb/medium/100/485/982/products/1-1744356850961.jpg?v=1744356878350; https://bizweb.dktcdn.net/thumb/medium/100/485/982/products/2-1744356850973.jpg?v=1744356878927; https://bizweb.dktcdn.net/thumb/medium/100/485/982/products/3-1744356850975.jpg?v=1744356879433; https://bizweb.dktcdn.net/thumb/medium/100/485/982/products/4-1744356850978.jpg?v=1744356879947; https://bizweb.dktcdn.net/thumb/medium/100/485/982/products/5-1744356850982.jpg?v=1744356881193,Khác,"ÁO DI CHUYỂN ĐỘI TUYỂN BÓNG ĐÁ VIỆT NAM - KHÁT KHAO CHINH PHỤC, KHÔNG NGỪNG TIẾN LÊN; Sản phẩm nằm trong BST Trang phục Đội tuyển Việt Nam 2025, mang theo khẩu hiệu “Vinh Quang Việt Nam”, thể hiện tinh thần chiến đấu kiên cường và niềm tự hào dân tộc.; Họa tiết của áo di chuyển Đội tuyển bóng đá Việt Nam được lấy cảm hứng từ hình ảnh sao băng, biểu tượng cho sự tỏa sáng, tốc độ và khát khao chinh phục. Những vệt sáng trên nền áo, kết hợp với các đường nét năng động, tạo nên một thiết kế đầy ấn tượng và mạnh mẽ. Họa tiết ngôi sao tượng trưng cho ước mơ vươn xa, khẳng định bản lĩnh trên sân cỏ, giống như cách các cầu thủ Việt Nam không ngừng nỗ lực để tỏa sáng trên đấu trường quốc tế.; Đặc điểm nổi bật; Áo di chuyển Đội tuyển bóng đá Việt Nam được làm từ chất liệu 100% polyester với độ co giãn 2 chiều, mang lại sự linh hoạt tối đa cho từng cử động. Cấu trúc vải bền bỉ giúp áo giữ form tốt, không bị bai dão hay biến dạng sau thời gian dài sử dụng. Đồng thời, chất liệu này thân thiện với làn da, mang lại cảm giác sạch sẽ và dễ chịu ngay cả khi mặc trong thời gian dài.; Bên cạnh đó, áo có khả năng thoát mồ hôi hiệu quả, giúp bề mặt vải luôn khô thoáng, giảm cảm giác bức bí khi vận động cường độ cao. Điều này hỗ trợ các cầu thủ duy trì sự thoải mái và tập trung trong suốt quá trình di chuyển, đảm bảo phong độ ổn định trước khi bước vào trận đấu.; Thông số kỹ thuật; Chất liệu; : 100% polyester; Màu sắc; : Burgundy; Kích thước; : S-3XL; Mã SP; : MJ-AJ4049-126"
"Bộ luyện tập Đội tuyển Bóng đá Quốc gia 2025 ""Green"" MJ-E3053-132 - Hàng Chính Hãng",https://shop.webthethao.vn/ao-polo-ban-huan-luyen-quoc-gia-2025-green-mj-e3053-132-hang-chinh-hang,https://bizweb.dktcdn.net/100/485/982/products/1-1744356695896.jpg?v=1744356730423; https://bizweb.dktcdn.net/thumb/medium/100/485/982/products/1-1744356695896.jpg?v=1744356730423; https://bizweb.dktcdn.net/thumb/medium/100/485/982/products/2-1744356697015.jpg?v=1744356730423; https://bizweb.dktcdn.net/thumb/medium/100/485/982/products/3-1744356698572.jpg?v=1744356730423; https://bizweb.dktcdn.net/thumb/medium/100/485/982/products/4-1744356699934.jpg?v=1744356730423; https://bizweb.dktcdn.net/thumb/medium/100/485/982/products/5-1744356700672.jpg?v=1744356730423; https://bizweb.dktcdn.net/thumb/medium/100/485/982/products/6-1744356701158.jpg?v=1744356730423; https://bizweb.dktcdn.net/thumb/medium/100/485/982/products/7-1744356701909.jpg?v=1744356730423,Bóng đá & Futsal,"ÁO DI CHUYỂN ĐỘI TUYỂN BÓNG ĐÁ VIỆT NAM - KHÁT KHAO CHINH PHỤC, KHÔNG NGỪNG TIẾN LÊN; Sản phẩm nằm trong BST Trang phục Đội tuyển Việt Nam 2025, mang theo khẩu hiệu “Vinh Quang Việt Nam”, thể hiện tinh thần chiến đấu kiên cường và niềm tự hào dân tộc.; Họa tiết của áo di chuyển Đội tuyển bóng đá Việt Nam được lấy cảm hứng từ hình ảnh sao băng, biểu tượng cho sự tỏa sáng, tốc độ và khát khao chinh phục. Những vệt sáng trên nền áo, kết hợp với các đường nét năng động, tạo nên một thiết kế đầy ấn tượng và mạnh mẽ. Họa tiết ngôi sao tượng trưng cho ước mơ vươn xa, khẳng định bản lĩnh trên sân cỏ, giống như cách các cầu thủ Việt Nam không ngừng nỗ lực để tỏa sáng trên đấu trường quốc tế.; Đặc điểm nổi bật; Áo di chuyển Đội tuyển bóng đá Việt Nam được làm từ chất liệu 100% polyester với độ co giãn 2 chiều, mang lại sự linh hoạt tối đa cho từng cử động. Cấu trúc vải bền bỉ giúp áo giữ form tốt, không bị bai dão hay biến dạng sau thời gian dài sử dụng. Đồng thời, chất liệu này thân thiện với làn da, mang lại cảm giác sạch sẽ và dễ chịu ngay cả khi mặc trong thời gian dài.; Bên cạnh đó, áo có khả năng thoát mồ hôi hiệu quả, giúp bề mặt vải luôn khô thoáng, giảm cảm giác bức bí khi vận động cường độ cao. Điều này hỗ trợ các cầu thủ duy trì sự thoải mái và tập trung trong suốt quá trình di chuyển, đảm bảo phong độ ổn định trước khi bước vào trận đấu.; Thông số kỹ thuật; Chất liệu; : 100% polyester; Màu sắc; : Burgundy; Kích thước; : S-3XL; Mã SP; : MJ-AJ4049-126"
"Giày Cầu Lông / Bóng Chuyền Động Lực Promax ""Light/Khaki"" PR-241023-10 - Hàng Chính Hãng",https://shop.webthethao.vn/giay-cau-long-bong-chuyen-dong-luc-promax-light-khaki-pr-241023-10-hang-chinh-hang,https://bizweb.dktcdn.net/100/485/982/products/1-1742791379096.jpg?v=1742791386883; https://bizweb.dktcdn.net/thumb/medium/100/485/982/products/1-1742791379096.jpg?v=1742791386883; https://bizweb.dktcdn.net/thumb/medium/100/485/982/products/2-1742719120968.jpg?v=1742791386883; https://bizweb.dktcdn.net/thumb/medium/100/485/982/products/3-1742719121793.jpg?v=1742791386883; https://bizweb.dktcdn.net/thumb/medium/100/485/982/products/4-1742719122591.jpg?v=1742791386883; https://bizweb.dktcdn.net/thumb/medium/100/485/982/products/image-1742718351774.png?v=1742791386883,Bóng chuyền,"Giày Cầu Lông / Bóng Chuyền Động Lực Promax ""Tím"" PR-241023-03 - Hàng Chính Hãng; Giày cầu lông Promax PR-241023 được thiết kế dành những người yêu thích môn cầu lông chuyên nghiệp với chất lượng tiêu chuẩn.; Đôi giày vừa mang đến cảm giác thoải mái, vừa như một tấm ""lá chắn toàn diện"", giúp bảo vệ chân từ mọi góc độ.; Giày cầu lông Promax PR-241023 sẽ là bạn đồng hành hoàn hảo cho những cú ""smash"" mạnh mẽ và uy lực; Đặc điểm nổi bật; CHẤT LIỆU VẢI LƯỚI VÀ DA PU; Mềm, thoáng, mang lại cảm giác thoải mái cho bàn chân; ĐẾ CAO SU + PHYLON; Đàn hồi, bền, hiệu suất bật theo chiều dọc tốt giúp giảm tổn thất năng lượng; THIẾT KẾ THANH GIẰNG VÒM ĐẾ; Bảo vệ vòm chân, cải thiện sự ổn định; Thông số kỹ thuật; -; Chất liệu; : Vải lưới, da nhân tạo; -; Màu sắc; : Tím/Đỏ/Xanh navy; -; Kích thước; : 36 - 39; -; Mã sản phẩm; : PR-241023; ***; Shop.webthethao.vn; SẮM ĐỒ CHẤT - GIÁ HỜI NHẤT; Liên hệ (Zalo/hotline):; 0823.885.888; SHOP.WEBTHETHAO.VN là cửa hàng trực tuyến uy tín chuyên cung cấp các sản phẩm thể thao chất lượng cao với giá tốt nhất. Là cửa hàng phân phối các sản phẩm thể thao chính hãng, thương hiệu hàng đầu trong nước và quốc tế. Hãy liên hệ với chúng tôi để được tư vấn, mua hàng nhanh chóng và tiết kiệm nhất qua hotline/zalo; 0823.885.888"
"Giày Cầu Lông / Bóng Chuyền Động Lực Promax ""Red/White"" PR-241023-09 - Hàng Chính Hãng",https://shop.webthethao.vn/giay-cau-long-bong-chuyen-dong-luc-promax-red-white-pr-241023-09-hang-chinh-hang,https://bizweb.dktcdn.net/100/485/982/products/1-1742719095817.jpg?v=1742719099427; https://bizweb.dktcdn.net/thumb/medium/100/485/982/products/1-1742719095817.jpg?v=1742719099427; https://bizweb.dktcdn.net/thumb/medium/100/485/982/products/2-1742719096585.jpg?v=1742719100227; https://bizweb.dktcdn.net/thumb/medium/100/485/982/products/3-1742719097533.jpg?v=1742719101267; https://bizweb.dktcdn.net/thumb/medium/100/485/982/products/4-1742719098556.jpg?v=1742719102173; https://bizweb.dktcdn.net/thumb/medium/100/485/982/products/5-1742719099527.jpg?v=1742719103153; https://bizweb.dktcdn.net/thumb/medium/100/485/982/products/6-1742719100380.jpg?v=1742719103870,Bóng chuyền,"Giày Cầu Lông / Bóng Chuyền Động Lực Promax ""Red/White"" PR-241023-03 - Hàng Chính Hãng; Giày cầu lông Promax PR-241023 được thiết kế dành những người yêu thích môn cầu lông chuyên nghiệp với chất lượng tiêu chuẩn.; Đôi giày vừa mang đến cảm giác thoải mái, vừa như một tấm ""lá chắn toàn diện"", giúp bảo vệ chân từ mọi góc độ.; Giày cầu lông Promax PR-241023 sẽ là bạn đồng hành hoàn hảo cho những cú ""smash"" mạnh mẽ và uy lực; Đặc điểm nổi bật; CHẤT LIỆU VẢI LƯỚI VÀ DA PU; Mềm, thoáng, mang lại cảm giác thoải mái cho bàn chân; ĐẾ CAO SU + PHYLON; Đàn hồi, bền, hiệu suất bật theo chiều dọc tốt giúp giảm tổn thất năng lượng; THIẾT KẾ THANH GIẰNG VÒM ĐẾ; Bảo vệ vòm chân, cải thiện sự ổn định; Thông số kỹ thuật; -; Chất liệu; : Vải lưới, da nhân tạo; -; Kích thước; : 36 - 39; -; Mã sản phẩm; : PR-241023; ***; Shop.webthethao.vn; SẮM ĐỒ CHẤT - GIÁ HỜI NHẤT; Liên hệ (Zalo/hotline):; 0823.885.888; SHOP.WEBTHETHAO.VN là cửa hàng trực tuyến uy tín chuyên cung cấp các sản phẩm thể thao chất lượng cao với giá tốt nhất. Là cửa hàng phân phối các sản phẩm thể thao chính hãng, thương hiệu hàng đầu trong nước và quốc tế. Hãy liên hệ với chúng tôi để được tư vấn, mua hàng nhanh chóng và tiết kiệm nhất qua hotline/zalo; 0823.885.888"
"Giày Cầu Lông / Bóng Chuyền Động Lực Promax ""White/Purple"" PR-241023-08 - Hàng Chính Hãng",https://shop.webthethao.vn/giay-cau-long-bong-chuyen-dong-luc-promax-white-purple-pr-241023-08-hang-chinh-hang,https://bizweb.dktcdn.net/100/485/982/products/1-1742719061430.jpg?v=1742719064840; https://bizweb.dktcdn.net/thumb/medium/100/485/982/products/1-1742719061430.jpg?v=1742719064840; https://bizweb.dktcdn.net/thumb/medium/100/485/982/products/2-1742719062283.jpg?v=1742719065790; https://bizweb.dktcdn.net/thumb/medium/100/485/982/products/3-1742719063145.jpg?v=1742719066633; https://bizweb.dktcdn.net/thumb/medium/100/485/982/products/4-1742719063858.jpg?v=1742719067493; https://bizweb.dktcdn.net/thumb/medium/100/485/982/products/5-1742719064937.jpg?v=1742719068950,Bóng chuyền,"Giày Cầu Lông / Bóng Chuyền Động Lực Promax ""White/Purple"" PR-241023-03 - Hàng Chính Hãng; Giày cầu lông Promax PR-241023 được thiết kế dành những người yêu thích môn cầu lông chuyên nghiệp với chất lượng tiêu chuẩn.; Đôi giày vừa mang đến cảm giác thoải mái, vừa như một tấm ""lá chắn toàn diện"", giúp bảo vệ chân từ mọi góc độ.; Giày cầu lông Promax PR-241023 sẽ là bạn đồng hành hoàn hảo cho những cú ""smash"" mạnh mẽ và uy lực; Đặc điểm nổi bật; CHẤT LIỆU VẢI LƯỚI VÀ DA PU; Mềm, thoáng, mang lại cảm giác thoải mái cho bàn chân; ĐẾ CAO SU + PHYLON; Đàn hồi, bền, hiệu suất bật theo chiều dọc tốt giúp giảm tổn thất năng lượng; THIẾT KẾ THANH GIẰNG VÒM ĐẾ; Bảo vệ vòm chân, cải thiện sự ổn định; Thông số kỹ thuật; -; Chất liệu; : Vải lưới, da nhân tạo; -; Kích thước; : 36 - 39; -; Mã sản phẩm; : PR-241023; ***; Shop.webthethao.vn; SẮM ĐỒ CHẤT - GIÁ HỜI NHẤT; Liên hệ (Zalo/hotline):; 0823.885.888; SHOP.WEBTHETHAO.VN là cửa hàng trực tuyến uy tín chuyên cung cấp các sản phẩm thể thao chất lượng cao với giá tốt nhất. Là cửa hàng phân phối các sản phẩm thể thao chính hãng, thương hiệu hàng đầu trong nước và quốc tế. Hãy liên hệ với chúng tôi để được tư vấn, mua hàng nhanh chóng và tiết kiệm nhất qua hotline/zalo; 0823.885.888"
Túi bảo vệ mặt vợt Pickleball Zocker - Hàng Chính Hãng,https://shop.webthethao.vn/tui-bao-ve-mat-vot-pickleball-zocker-hang-chinh-hang,https://bizweb.dktcdn.net/100/485/982/products/1-1742266462409.jpg?v=1742266465253; https://bizweb.dktcdn.net/thumb/medium/100/485/982/products/1-1742266462409.jpg?v=1742266465253; https://bizweb.dktcdn.net/thumb/medium/100/485/982/products/2-1742266462412.jpg?v=1742266465790; https://bizweb.dktcdn.net/thumb/medium/100/485/982/products/3-1742266462416.jpg?v=1742266466320; https://bizweb.dktcdn.net/thumb/medium/100/485/982/products/4-1742266462422.jpg?v=1742266466843; https://bizweb.dktcdn.net/thumb/medium/100/485/982/products/5-1742266462432.jpg?v=1742266467883; https://bizweb.dktcdn.net/thumb/medium/100/485/982/products/6-1742266462438.jpg?v=1742266468697,Pickleball,
Túi đựng vợt Pickleball Zocker - Hàng Chính Hãng,https://shop.webthethao.vn/tui-dung-vot-pickleball-zocker-hang-chinh-hang,https://bizweb.dktcdn.net/100/485/982/products/1-1742266176422.jpg?v=1742266180597; https://bizweb.dktcdn.net/thumb/medium/100/485/982/products/1-1742266176422.jpg?v=1742266180597; https://bizweb.dktcdn.net/thumb/medium/100/485/982/products/2-1742266176429.jpg?v=1742266181273; https://bizweb.dktcdn.net/thumb/medium/100/485/982/products/3-1742266176441.jpg?v=1742266181867; https://bizweb.dktcdn.net/thumb/medium/100/485/982/products/4-1742266176448.jpg?v=1742266182410; https://bizweb.dktcdn.net/thumb/medium/100/485/982/products/5-1742266176456.jpg?v=1742266183440,Pickleball,
Balo thể thao Zocker Winner Energy - Hàng Chính Hãng,https://shop.webthethao.vn/balo-the-thao-zocker-winner-energy-hang-chinh-hang,https://bizweb.dktcdn.net/100/485/982/products/1-1742266009134.jpg?v=1742266015533; https://bizweb.dktcdn.net/thumb/medium/100/485/982/products/1-1742266009134.jpg?v=1742266015533; https://bizweb.dktcdn.net/thumb/medium/100/485/982/products/2-1742266009143.jpg?v=1742266017057; https://bizweb.dktcdn.net/thumb/medium/100/485/982/products/3-1742266009154.jpg?v=1742266032707; https://bizweb.dktcdn.net/thumb/medium/100/485/982/products/4-1742266009165.jpg?v=1742266033873,Khác,
